handle,dc.collection,dc.identifier,dc.title,dc.creator,dc.publisher,dc.contributor,dc.rights,dc.description,dc.coverage.spatial,dc.coverage.temporal,dc.note,dc.note.internal,dc.relation.other,dc.date.issued,dc.location,dc.language,dc.type,dc.format,dc.format.numberofscans,dc.format.numberofpages,dc.identifier.projectcode,dc.identifier.other,dc.catalogedby,dc.validatedby,dc.date.cataloged,dc.date.validated,dc.date.acquisition,dc.subject,dc.source,dc.relation,dc.rights.holder,dc.provenance,dcterms.accrualMethod,URL
123456789/10944,"City, Society, and Economy / Households and Families / Eliza Day / Photographs",EDH0001,Narmanlı Han'da yangın - Fire in Narmanlı Inn,,,,Open Access,,"Beyoğlu, Istanbul",,,,,1967,SALT Research,,Negatif film - Negative film,6-6 cm,12,,ED,124999,Masum Yıldız,,2016-01-26,,2015-11-01,Çökmüş tavan; Piyano; Kırık pencere; Harap; Collapsed ceiling; Piano; Broken window; Ruin,,,,,Purchase,https://archives.saltresearch.org/handle/123456789/10944
123456789/10945,"City, Society, and Economy / Households and Families / Eliza Day / Photographs",EDH0002,"Refika (Rebecca) Day, Yasef (Josef) Day ve oğulları Sami Day Mühürdar'da - Refika Day, Yasef (Josef) Day and their son Sami Day in Mühürdar",,,,Open Access,Refika (Rebecca) Day Eliza (Bulise) Day'ın annesidir. Yasef (Yosef) Day Eliza (Bulise) Day'ın babasıdır. Sami Day Eliza (Bulise) Day'ın ağabeyidir. - Refika (Rebecca) Day is Eliza (Bulise) Day's mother. Yasef (Josef) Day is Eliza (Bulise) Day's father. Sami Day is Eliza (Bulise) Day's brother,"Kadıköy, İstanbul",,,,,1964-05,SALT Research,,Negatif film - Negative film,6-6 cm,12,,ED,125000,Masum Yıldız,,2016-01-26,,2015-11-01,Salon; Yemek odası; Yaşlı çift; Yemek; Araba; Living room; Dining room; Elderly couple; Dinner; Car,,,,,Purchase,https://archives.saltresearch.org/handle/123456789/10945
123456789/10946,"City, Society, and Economy / Households and Families / Eliza Day / Photographs",EDH0003,"Refika (Rebecca) Day Moda'daki evinin balkonunda Ceni Day, Kalef Day ve Yusuf Day ile beraber - Refika (Rebecca) Day at the balcony with Ceni Day, Kalef Day and Yusuf Day in Moda",,,,Open Access,"Refika (Rebecca) Hanım Eliza (Bulise) ve Kalef Day'ın annesidir. Fotoğraftaki çocuk Ceni ile Kalef'in oğlu Yusuf'tur. Kalef Day, Eliza (Bulise) Day'ın kardeşidir - Refika (Rebecca) Hanım is Eliza (Bulise) and Kalef Day's mother. The child is Ceni and Kalef's son Yusuf. Kalef Day is Eliza (Bulise) Day's brother.","Kadıköy, İstanbul",,,,,1967-05,SALT Research,,Negatif film - Negative film,6-6 cm,29,,ED,125001,Masum Yıldız,,2016-01-26,,2015-11-01,Balkon; Çocuk; Çift; Balcony; Child; Couple,,,,,Purchase,https://archives.saltresearch.org/handle/123456789/10946
123456789/10947,"City, Society, and Economy / Households and Families / Eliza Day / Photographs",EDH0004,Refika (Rebecca) Day Moda'daki evinde elinde kocasının fotoğrafıyla - Refika (Rebecca) Day with her husband's photograph at her house in Moda,,,,Open Access,Refika (Rebecca) Day Eliza (Bulise) Day'in annesidir - Refika (Rebecca) Day is Kalef and Eliza (Bulise) Day's mother.,"Kadıköy, İstanbul",,,,,1967-05,SALT Research,,Negatif film - Negative film,6-6 cm,3,,ED,125002,Masum Yıldız,,2016-01-26,,2015-11-01,Vitrin; Interior; Showcase,,,,,Purchase,https://archives.saltresearch.org/handle/123456789/10947
123456789/10948,"City, Society, and Economy / Households and Families / Eliza Day / Photographs",EDH0005,Refika (Rebecca) Day Moda'daki evinde - Refika (Rebecca) Day at her house in Moda,,,,Open Access,"Refika (Rebecca) Day, Kalef Day ve Yusuf Day ile. Refika (Rebecca) Day Eliza (Bulise) Day'ın annesidir. Kalef Day Eliza (Bulise) Day'ın kardeşidir - Refika (Rebecca) Day with Kalef Day and him son Yusuf. Refika (Rebecca) Day is Eliza (Bulise) Day's mother. Kalef Day is Eliza (Bulise) Day's brother","Kadıköy, İstanbul",,,,,1969,SALT Research,,Negatif film - Negative film,6-6 cm,5,,ED,125003,Masum Yıldız,,2016-01-26,,2015-11-01,Balkon; Koltuk; Çocuk; Kadın; Balcony; Arm chair; Child; Woman,,,,,Purchase,https://archives.saltresearch.org/handle/123456789/10948
123456789/10949,"City, Society, and Economy / Households and Families / Eliza Day / Photographs",EDH0006,"Refika (Rebecca) Day, Bedia Kösemihal ile birlikte Büyükada'da - Refika (Rebecca) Day with Bedia Kösemihal in Büyükada",,,,Open Access,Refika (Rebecca) Day Eliza (Bulise) Day'in annesidir. Arkadaki heykel Zühtü Müridoğlu'nun eseridir. - Refika (Rebecca) Day is Eliza (Bulise) Day's mother. The sculpture on the background is made by Zühtü Müridoğlu.,"Büyükada, İstanbul",,,,,1969,SALT Research,,Negatif film - Negative film,6-6 cm,4,,ED,125004,Masum Yıldız,,2016-01-26,,2015-11-01,Köşk; Atatürk anıtı; Vapur; Pavilion; Monument; Mansion; Island; Ferry,,,,,Purchase,https://archives.saltresearch.org/handle/123456789/10949
123456789/10950,"City, Society, and Economy / Households and Families / Eliza Day / Photographs",EDH0007,"Eliza (Bulise) Day, Refika (Rebecca) Day, Sami Day, Bedia Kösemihal ve Nurettin Şazi Kösemihal Tuzla'da - Eliza (Bulise) Day, Refika (Rebecca) Hanım, Bedia Kösemihal and Nurettin Şazi Kösemihal in Tuzla",,,,Open Access,"Refika (Rebecca) Day, Eliza (Bulise)Day'in annesidir. Sami Day, Eliza (Bulise) Day'ın ağabeyidir. - Refika (Rebecca) Day is Eliza (Bulise) Day's mother. Sami Day is Eliza (Bulise) Day's brother.",İstanbul,,,,,1969,SALT Research,,Negatif film - Negative film,6-6 cm,3,,ED,125005,Masum Yıldız,,2016-01-26,,2015-11-01,Sahil; Sandalye; Deniz; Yazlık; Seaside; Chair; Sea,,,,,Purchase,https://archives.saltresearch.org/handle/123456789/10950
123456789/10951,"City, Society, and Economy / Households and Families / Eliza Day / Photographs",EDH0008,"Ayla Erduran, Narmanlı Han’daki Aliye Berger’in atölyesinin balkonunda keman çalarken - Ayla Erduran playing the violin on the balcony of Aliye Berger's studio/atelier in Narmanlı Inn",Eliza (Bulise) Day,,,Open Access,,"Beyoğlu, Istanbul",,,,,1964-09,SALT Research,,Negatif film - Negative film,6-6 cm,8,,ED,125006,Masum Yıldız,,2016-01-26,,2015-11-01,Sanatçı; Han; İskiklat Caddesi; Balkon; Trafik; Inn; Workshop; İstiklal Street; Balcony; Traffic; Violin; Violinist; Artist,,,,,Purchase,https://archives.saltresearch.org/handle/123456789/10951
123456789/10952,"City, Society, and Economy / Households and Families / Eliza Day / Photographs",EDH0009,Ayla Erduran Aliye Berger’in Narmanlı Han’daki atölyesinde - Ayla Erduran at Aliye Berger's studio in Narmanlı Inn,,,,Open Access,,"Beyoğlu, Istanbul",,,,,1964-09,SALT Research,,Negatif film - Negative film,6-6 cm,2,,ED,125007,Masum Yıldız,,2016-01-26,,2015-11-01,Sanatçı; Han; Tablo; Resim; Inn; Workshop; Painting; Violinist; Artist,,,,,Purchase,https://archives.saltresearch.org/handle/123456789/10952
123456789/10953,"City, Society, and Economy / Households and Families / Eliza Day / Photographs",EDH0010,"Ayla Erduran, Aliye Berger’in Narmanlı Han’daki atölyesinde kemanıyla - Ayla Erduran with her violin at Aliye Berger's studio in Narmanlı Inn",,,,Open Access,,"Beyoğlu, Istanbul",,,,,1964-09,SALT Research,,Negatif film - Negative film,6-6 cm,16,,ED,125008,Masum Yıldız,,2016-01-26,,2015-11-01,Sanatçı; Han; Atölye; Inn; Workshop; Violinist; Artist,,,,,Purchase,https://archives.saltresearch.org/handle/123456789/10953
123456789/10954,"City, Society, and Economy / Households and Families / Eliza Day / Photographs",EDH0011,"Ayla Erduran, Aliye Berger’in Narmanlı Han’daki atölyesinde tabloların önünde - Ayla Erduran in front of the paintings at the Aliye Berger's studio in Narmanlı Inn",,,,Open Access,"Arkadaki büyük tablo Aliye Berger'in kocası Karl Berger'in tablosudur. The painting on the background is painted by Karl Berger, husband of Aliye Berger.","Beyoğlu, Istanbul",,,,,1964-09,SALT Research,,Negatif film - Negative film,6-6 cm,1,,ED,125009,Masum Yıldız,,2016-01-26,,2015-11-01,Sanatçı; Han; Atölye; Resim; Inn; Workshop; Violinist; Painting; Artist,,,,,Purchase,https://archives.saltresearch.org/handle/123456789/10954
123456789/10955,"City, Society, and Economy / Households and Families / Eliza Day / Photographs",EDH0012,"Ayla Erduran, Aliye Berger’in Narmanlı Han’daki atölyesinde kemanıyla - Ayla Erduran with her violin at Aliye Berger's studio in Narmanlı Inn",,,,Open Access,,"Beyoğlu, Istanbul",,,,,1964-09,SALT Research,,Negatif film - Negative film,6-6 cm,6,,ED,125010,Masum Yıldız,,2016-01-26,,2015-11-01,Sanatçı; Han; Atölye; Inn; Workshop; Violinist; Violin; Rehearse; Artist,,,,,Purchase,https://archives.saltresearch.org/handle/123456789/10955
123456789/10956,"City, Society, and Economy / Households and Families / Eliza Day / Photographs",EDH0013,"Bedia Kösemihal ve Nurettin Şazi Kösemihal, Ahmet Kemal Varınca'nın mezarı başında - Bedia Kösemihal and Nurettin Şazi Kösemihal next to Ahmet Kemal Varınca's grave",,,,Open Access,,,,,,,,SALT Research,,Negatif film - Negative film,6-6 cm,2,,ED,125011,Masum Yıldız,,2016-01-26,,2015-11-01,Mezarlık; Grave; Gravestone; Cemetery,,,,,Purchase,https://archives.saltresearch.org/handle/123456789/10956
123456789/10957,"City, Society, and Economy / Households and Families / Eliza Day / Photographs",EDH0014,"Eliza (Bulise) Day ve Bedia Kösemihal, Ömer Baki Berger'in mezarının başında - Eliza (Bulise) Day and Bedia Kösemihal next to Ömer Baki Berger's grave",,,,Open Access,,,,,,,,SALT Research,,Negatif film - Negative film,6-6 cm,2,,ED,125012,Masum Yıldız,,2016-01-26,,2015-11-01,Mezarlık; Grave; Gravestone; Cemetery,,,,,Purchase,https://archives.saltresearch.org/handle/123456789/10957
123456789/10958,"City, Society, and Economy / Households and Families / Eliza Day / Photographs",EDH0015,"Mustafa Bey, İkbal Hanım, Bedia Kösemihal, Leyla Varınca, Nurettin Şazi Kösemihal ve Eliza (Bulise) Day ormanda - Mustafa Bey, İkbal Hanım, Bedia Kösemihal, Leyla Varınca and Nurettin Şazi Kösemihal at the forest",,,,Open Access,,,,,,,,SALT Research,,Negatif film - Negative film,6-6 cm,2,,ED,125013,Masum Yıldız,,2016-01-26,,2015-11-01,Forest; Tree; Ağaç,,,,,Purchase,https://archives.saltresearch.org/handle/123456789/10958
123456789/10959,"City, Society, and Economy / Households and Families / Eliza Day / Photographs",EDH0016,İdil Biret'in Moda'daki evinde piyanosunun üstündeki çerçeveli fotoğraflar - Photographs with frames on the İdil Biret's piano at her house in Moda,,,,Open Access,,"Kadıköy, İstanbul",,,,,,SALT Research,,Negatif film - Negative film,6-6 cm,1,,ED,125014,Masum Yıldız,,2016-01-26,,2015-11-01,Piano; Photographs,,,,,Purchase,https://archives.saltresearch.org/handle/123456789/10959
123456789/10960,"City, Society, and Economy / Households and Families / Eliza Day / Photographs",EDH0017,İdil Biret'in Moda'daki evinin yemek odası - The dining room at İdil Biret's house in Moda,,,,Open Access,,"Kadıköy, İstanbul",,,,,,SALT Research,,Negatif film - Negative film,6-6 cm,1,,ED,125015,Masum Yıldız,,2016-01-26,,2015-11-01,Dining Room; Dinner room; Table,,,,,Purchase,https://archives.saltresearch.org/handle/123456789/10960
123456789/10961,"City, Society, and Economy / Households and Families / Eliza Day / Photographs",EDH0018,Leyla Varınca ve arkadaşları - Leyla Varınca and her friends,,,,Open Access,,,,,,,,SALT Research,,Negatif film - Negative film,6-6 cm,2,,ED,125016,Masum Yıldız,,2016-01-26,,2015-11-01,Woman; Man; Tree; Kadın; Erkek; Ağaç,,,,,Purchase,https://archives.saltresearch.org/handle/123456789/10961
123456789/10962,"City, Society, and Economy / Households and Families / Eliza Day / Photographs",EDH0019,Nurettin Şazi Kösemihal evinde kitaplığının önünde - Nurettin Şazi Kösemihal in front of his bookshelf at his house,,,,Open Access,,,,,,,,SALT Research,,Negatif film - Negative film,6-6 cm,2,,ED,125017,Masum Yıldız,,2016-01-26,,2015-11-01,Kitap; Kitaplık; Bookshelf; Books; Professor,,,,,Purchase,https://archives.saltresearch.org/handle/123456789/10962
123456789/10963,"City, Society, and Economy / Households and Families / Eliza Day / Photographs",EDH0020,Eliza (Bulise) Day bahçede sandalyede otururken - Eliza (Bulise) Day sitting on a chair in the garden,,,,Open Access,,,,,,,1964-06,SALT Research,,Negatif film - Negative film,35 mm,6,,ED,125018,Masum Yıldız,,2016-01-26,,2015-11-01,Garden; Chair; Woman,,,,,Purchase,https://archives.saltresearch.org/handle/123456789/10963
123456789/10964,"City, Society, and Economy / Households and Families / Eliza Day / Photographs",EDH0021,Eliza (Bulise) Day ve ailesinin Moda'daki evinden fotoğraflar - Photograph of Eliza (Bulise) Day and her family's house in Moda,,,,Open Access,Evlerinin iç mekan fotoğrafları ve Moda'daki bir sokaktan görünümler. Eliza Day (Bulise) balkonda. Bilgehan - Interior photographs of their house and views from a street in Moda. Eliza (Bulise) Day on the balcony. Bilgehan.,"Kadıköy, İstanbul",,,,,1967,SALT Research,,Negatif film - Negative film,6-6 cm,18,,ED,125019,Masum Yıldız,,2016-01-26,,2015-11-01,Balkon; Sandalye; Bando takımı; İzci çocuklar; Bebek; Deniz; Manzara; Ev; Masa; Vazo; Balcony; Chair; Marching band; Boy scout; Baby; Sea; View; House; Table; Vase,,,,,Purchase,https://archives.saltresearch.org/handle/123456789/10964
123456789/10965,"City, Society, and Economy / Households and Families / Eliza Day / Photographs",EDH0022,"Eliza (Bulise) Day ve annesi Refika (Rebecca) Hanım, anneler gününde Samiler'de - Eliza (Bulise) Day and her mother, Refika (Rebecca) Hanım at the house of Sami on Mother's Day",,,,Open Access,"Yaşar Levent ve Berrin Beti Day. Berrin Beti Day Sami Day'ın kızıdır. Refika (Rebecca) Day, Eliza (Bulise) Day ve Sami Day'ın annesidir. Diğer çift Viki Hanım ve Yanar Bey'dir - Yaşar Levent and Berrin Beti Day. Berrin Day is Sami Day's daughter. Refika (Rebecca) Day is Eliza (Bulise) Day and Sami Day's mother. Other couple is Viki Hanim and Yanar Bey.",,,,,,1968-05,SALT Research,,Negatif film - Negative film,6-6 cm,6,,ED,125020,Masum Yıldız,,2016-01-26,,2015-11-01,Balkon; Ev; Kadın; Erkek; Balcony; Man; Woman; House,,,,,Purchase,https://archives.saltresearch.org/handle/123456789/10965
123456789/10966,"City, Society, and Economy / Households and Families / Eliza Day / Photographs",EDH0023,"Ceni Day ve oğlu Yusuf, Eliza (Bulise) Day'ların Moda'daki evinde - Ceni Day and her son Yusuf at the Eliza (Bulise) Day's house in Moda",,,,Open Access,"Yusuf Day, Eliza (Bulise) Day'ın yeğenidir. - Yusuf Day is Eliza (Bulise) Day's nephew","Kadıköy, İstanbul",,,,,1965,SALT Research,,Negatif film - Negative film,6-6 cm,8,,ED,125021,Masum Yıldız,,2016-01-26,,2015-11-01,House; Baby; Woman,,,,,Purchase,https://archives.saltresearch.org/handle/123456789/10966
123456789/10967,"City, Society, and Economy / Households and Families / Eliza Day / Photographs",EDH0024,Kadıköy Hemdat İsrael Sinagogu - Synagogue of Hemdat Israel in Kadıköy,,,,Open Access,,"Kadıköy, İstanbul",,,,,1965,SALT Research,,Negatif film - Negative film,6-6 cm,1,,ED,125022,Masum Yıldız,,2016-01-26,,2015-11-01,Vaaz kürsüsü,,,,,Purchase,https://archives.saltresearch.org/handle/123456789/10967
123456789/10968,"City, Society, and Economy / Households and Families / Eliza Day / Photographs",EDH0025,Refika (Rebecca) Hanım gazinoda - Refika (Rebecca) Hanım at casino,,,,Open Access,Refika (Rebecca) Hanım Eliza (Bulise) Day'ın annesidir - Refika (Rebecca) Hanım is Eliza (Bulise) Day's mother,,,,,,1965,SALT Research,,Negatif film - Negative film,6-6 cm,3,,ED,125023,Masum Yıldız,,2016-01-26,,2015-11-01,Casino,,,,,Purchase,https://archives.saltresearch.org/handle/123456789/10968
123456789/10969,"City, Society, and Economy / Households and Families / Eliza Day / Photographs",EDH0026,Füreya Koral atölyesinde - Füreya Koral at her studio,,,,Open Access,"Füreya Koral, Aliye Berger'in yeğenidir - Füreya Koral is the nephew of Aliye Berger","Elmadağ, İstanbul",,,,,1965,SALT Research,,Negatif film - Negative film,6-6 cm,12,,ED,125024,Masum Yıldız,,2016-01-26,,2015-11-01,Sanatçı; Seramik; Atölye; Artist; Workshop; Ceramic,,,,,Purchase,https://archives.saltresearch.org/handle/123456789/10969
123456789/10970,"City, Society, and Economy / Households and Families / Eliza Day / Photographs",EDH0027,Füreya Koral atölyesinde (fotoğraftan) - Füreya Koral at her studio (from photograph),,,,Open Access,"Füreya Koral, Aliye Berger'in yeğenidir - Füreya Koral is the nephew of Aliye Berger","Elmadağ, İstanbul",,Dört adet negatif filmin fotoğrafı çekilip basılmıştır.,,,1965,SALT Research,,Fotoğraf - Photograph,6-6 cm; Baskı; siyah beyaz - Print; black&white,4,,ED,125025,Masum Yıldız,,2016-01-26,,2015-11-01,Sanatçı; Seramik; Atölye; Artist; Workshop; Ceramic,,,,,Purchase,https://archives.saltresearch.org/handle/123456789/10970
123456789/10971,"City, Society, and Economy / Households and Families / Eliza Day / Photographs",EDH0028,Aliye Berger ve Necdet Remzi Atak - Aliye Berger and Necdet Remzi Atak,,,,Open Access,1962 yazında - In the summer of 1962,,,,,,1962,SALT Research,,Negatif film - Negative film,6-6 cm,1,,ED,125026,Masum Yıldız,,2016-01-26,,2015-11-01,Keman; Masa; Sanatçı; Artist; Violinist; Violin; Table,,,,,Purchase,https://archives.saltresearch.org/handle/123456789/10971
123456789/10972,"City, Society, and Economy / Households and Families / Eliza Day / Photographs",EDH0029,"Yasef (Josef) Day, İdil Biret, Münir Biret, Leman Biret, Bedia Kösemihal, Nurettin Şazi Kösemihal ve Reşadet Erkoğlu (Eroğlu) birlikte sohbet ederken - Yasef (Josef) Bey, İdil Biret, Münir Biret, Leman Biret, Bedia Kösemihal, Nurettin Şazi Kösemihal ve Reşadet Erkoğlu (Eroğlu) having a conversation",,,,Open Access,1962 yazında. Yasef (Josef) Day Eliza (Bulise) Day'ın babasıdır. - In the summer of 1962. Yasef (Josef) Bey is Eliza (Bulise) Day's father.,,,,,,1962,SALT Research,,Negatif film - Negative film,6-6 cm,8,,ED,125027,Masum Yıldız,,2016-01-26,,2015-11-01,House; Interior; Window; Talk; Family,,,,,Purchase,https://archives.saltresearch.org/handle/123456789/10972
123456789/10973,"City, Society, and Economy / Households and Families / Eliza Day / Photographs",EDH0030,"Leman Biret ve Münir Biret pazar sabahı Moda'daki evlerinde - Leman Biret and Münir Biret at their house in Moda, on Sunday morning",,,,Open Access,"Leman Biret ve Münir Biret, İdil Biret'in annesi ve babasıdır - Leman Biret and Münir Biret are parents of İdil Biret","Kadıköy, İstanbul",,,,,1966-11-10,SALT Research,,Negatif film - Negative film,6-6 cm,6,,ED,125028,Masum Yıldız,,2016-01-26,,2015-11-01,Ev; Kitaplık; Sandalye; Balkon; Manzara; Semaver; House; Bookshelf; Chair; Balcony; View; Tea-urn; Semovar,,,,,Purchase,https://archives.saltresearch.org/handle/123456789/10973
123456789/10974,"City, Society, and Economy / Households and Families / Eliza Day / Photographs",EDH0031,İdil Biret'in piyanosu - İdil Biret's piano,,,,Open Access,Moda'daki evlerinde - At their house in Moda,"Kadıköy, İstanbul",,,,,1966-11-10,SALT Research,,Negatif film - Negative film,6-6 cm,4,,ED,125029,Masum Yıldız,,2016-01-26,,2015-11-01,Ev; Piyano; Fotoğraflar; House; Piano; Photos; Steinway and Sons,,,,,Purchase,https://archives.saltresearch.org/handle/123456789/10974
123456789/10975,"City, Society, and Economy / Households and Families / Eliza Day / Photographs",EDH0032,İdil Biret'in dedesi Albay D...A...'ın Kılıcı - The sword of İdil Biret's grandfather colonel D.. A..,,,,Open Access,Moda'daki evlerinde - At their house in Moda,"Kadıköy, İstanbul",,,,,1966-11-10,SALT Research,,Negatif film - Negative film,6-6 cm,1,,ED,125030,Masum Yıldız,,2016-01-26,,2015-11-01,Ev; Kılıç; House; Sword,,,,,Purchase,https://archives.saltresearch.org/handle/123456789/10975
123456789/10976,"City, Society, and Economy / Households and Families / Eliza Day / Photographs",EDH0033,Biret ailesinin Moda'daki evinde Jale Çeltikçi ve Leman Biret - Jale Çeltikçi and Leman Biret at the house of Biret family in Moda,,,,Open Access,"Leman Biret, İdil Biret'in annesidir - Leman Biret is the mother of İdil Biret.","Kadıköy, İstanbul",,,,,1966-11-10,SALT Research,,Negatif film - Negative film,6-6 cm,1,,ED,125031,Masum Yıldız,,2016-01-26,,2015-11-01,Kahve; Sandalye; House; Interior; Coffee; Chair,,,,,Purchase,https://archives.saltresearch.org/handle/123456789/10976
123456789/10977,"City, Society, and Economy / Households and Families / Eliza Day / Photographs",EDH0034,İdil Biret'in İstanbul'dan Paris'e gidişi - İdil Biret's journey from Istanbul to Paris,,,,Open Access,"""Bosforus Turizm"" ile seyahat etmiştir. Bedia Kösemihal muhtemelen İdil Biret'i yolcu ediyor - İdil Biret travelled with ""Bosforus Turizm"". Probably, Bedia Kösemihal saw İdil Biret off.",İstanbul,,,,,1964-09-20,SALT Research,,Negatif film - Negative film,6-6 cm,6,,ED,125032,Masum Yıldız,,2016-01-26,,2015-11-01,Yolculuk; Otobüs; Bosfor Turizm; Travel; Bus; Travel agency,,,,,Purchase,https://archives.saltresearch.org/handle/123456789/10977
123456789/10978,"City, Society, and Economy / Households and Families / Eliza Day / Photographs",EDH0035,Refika (Rebecca) Day düğüne giderken - Refika (Rebecca) Day on her way to a wedding,,,,Open Access,Refika (Rebecca) Hanım Eliza (Bulise)Day'ın annesidir. Fotoğraflar Eliza (Bulise) Day'ların Mühürdar'daki evlerinin önünde çekilmiştir - Refika (Rebecca) Hanım is Eliza Day's mother. Photographs were taken in front of Eliza (Bulise) Day's house in Mühürdar.,"Kadıköy, İstanbul",,,,,1964-09-20,SALT Research,,Negatif film - Negative film,6-6 cm,3,,ED,125033,Masum Yıldız,,2016-01-26,,2015-11-01,Düğün; Gelin; Araba; Wedding; Bride; Car,,,,,Purchase,https://archives.saltresearch.org/handle/123456789/10978
123456789/10979,"City, Society, and Economy / Households and Families / Eliza Day / Photographs",EDH0036,Ceni ve Kalef'in oğlu Yusuf - Ceni and Kalef's son Yusuf,,,,Open Access,,,,,,,1964-09-20,SALT Research,,Negatif film - Negative film,6-6 cm,3,,ED,125034,Masum Yıldız,,2016-01-26,,2015-11-01,Bebek; Kundak; Baby; Swaddle,,,,,Purchase,https://archives.saltresearch.org/handle/123456789/10979
123456789/10980,"City, Society, and Economy / Households and Families / Eliza Day / Photographs",EDH0037,"Eliza (Bulise) Day, Sara Day ve ailesinin İsrail seyahati - Eliza (Bulise) Day, Sara Day and her family's trip to Israel",,,,Open Access,,"Kudüs, İsrail",,,,,1965-06-20,SALT Research,,Negatif film - Negative film,6-6 cm,23,,ED,125035,Masum Yıldız,,2016-01-26,,2015-11-01,Plaj; Çocuklar; Ev; Aile; Kutsal Kabir Kilisesi; Beach; Children; House; Family; Holy Cross; Church; Jarusalem,,,,,Purchase,https://archives.saltresearch.org/handle/123456789/10980
123456789/10981,"City, Society, and Economy / Households and Families / Eliza Day / Photographs",EDH0038,Ressam Adnan Varınca atölyede - Painter Adnan Varınca at studio,,,,Open Access,,,,,,,1965-06-20,SALT Research,,Negatif film - Negative film,6-6 cm,1,,ED,125036,Masum Yıldız,,2016-01-26,,2015-11-01,Ressam; Resim; Atölye; Artist; Painting; Workshop,,,,,Purchase,https://archives.saltresearch.org/handle/123456789/10981
123456789/10982,"City, Society, and Economy / Households and Families / Eliza Day / Photographs",EDH0039,İstanbul Şehir Galerisi ve Mr. Cohen - İstanbul City Gallery and Mr. Cohen,,,,Open Access,,,,,,,1963,SALT Research,,Negatif film - Negative film,6-6 cm,11,,ED,125037,Masum Yıldız,,2016-01-26,,2015-11-01,Resim; Gallery; Painting,,,,,Purchase,https://archives.saltresearch.org/handle/123456789/10982
123456789/10983,"City, Society, and Economy / Households and Families / Eliza Day / Photographs",EDH0040,"Ceni Day, Kalef Day oğulları Yusuf ve kızları Betül ile Eliza (Bulise) Day'ların Moda'daki evlerinde - Ceni Day, Kalef Day with their son Yusuf and their daughter Betül at the Eliza (Bulise) Day's house in Moda",,,,Open Access,Kalef Day Eliza (Bulise) Day'ın kardeşidir. - Kalef Day is Eliza (Bulise) Day's brother.,"Kadıköy, İstanbul",,,,,,SALT Research,,Negatif film - Negative film,6-6 cm,12,,ED,125038,Masum Yıldız,,2016-01-26,,2015-11-01,Aile; Çocuklar; Ev; Koltuk; Family; Children; House; Arm chair,,,,,Purchase,https://archives.saltresearch.org/handle/123456789/10983
123456789/10984,"City, Society, and Economy / Households and Families / Eliza Day / Photographs",EDH0041,Leyla Marine'nin Moda'daki evi ve bulunduğu sokaktan görünümler - Interior of Leyla Marine's house and view of the house at the street in Moda,,,,Open Access,,"Kadıköy, İstanbul",,,,,1971-06-20,SALT Research,,Negatif film - Negative film,6-6 cm,6,,ED,125039,Masum Yıldız,,2016-01-26,,2015-11-01,Ev; Sokak; Kamyon; Araba; Masa; Sandalye; Abajur; House; Street; Truck; Car; Table; Chair; Lampshade,,,,,Purchase,https://archives.saltresearch.org/handle/123456789/10984
123456789/10985,"City, Society, and Economy / Households and Families / Eliza Day / Photographs",EDH0042,Moda sahili ve civarı - The coast of Moda and its surroundings,,,,Open Access,,"Kadıköy, İstanbul",,,,,1971-06-20,,,Negatif film - Negative film,6-6 cm,6,,ED,125040,Masum Yıldız,,,,2015-11-01,Plaj; Sahil; Deniz; Tekne; İskele; Beach; Coast; Boat; Sea; Pier,,,,,Purchase,https://archives.saltresearch.org/handle/123456789/10985
123456789/10986,"City, Society, and Economy / Households and Families / Eliza Day / Photographs",EDH0043,"Madam Barry ve kızı, Eliza (Bulise) Day'ların Moda'daki evlerinde - Madame Barry and her daughter at the Eliza (Bulise) Day's house in Moda",,,,Open Access,"Madam Barry, kızı, Eliza (Bulise) Day, Annesi Refika (Rebecca) Day birlikte - Madame Barry and her daughter, Eliza (Bulise) Day and her mother Refika (Rebecca) Day together","Kadıköy, İstanbul",,,,,1970-07-20,SALT Research,,Negatif film - Negative film,6-6 cm,3,,ED,125041,Masum Yıldız,,2016-01-26,,2015-11-01,Balkon; Oturma odası; House; Balcony; Living room,,,,,Purchase,https://archives.saltresearch.org/handle/123456789/10986
123456789/10987,"City, Society, and Economy / Households and Families / Eliza Day / Photographs",EDH0044,"Yaşar Levent ve Berrin Beti Day, Eliza (Bulise) Day'ların Moda'daki evlerinde - Yaşar Levent and Berrin Beti Day at Eliza (Bulise) Day's house in Moda",,,,Open Access,Berrin Beti Day Eliza (Bulise) Day'ın yeğenidir. - Berrin Beti Day is Eliza (Bulise) Day's niece,"Kadıköy, İstanbul",,,,,1970-07-20,SALT Research,,Negatif film - Negative film,6-6 cm,2,,ED,125042,Masum Yıldız,,2016-01-26,,2015-11-01,Çift; Moda; Couple; Balcony,,,,,Purchase,https://archives.saltresearch.org/handle/123456789/10987
123456789/10988,"City, Society, and Economy / Households and Families / Eliza Day / Photographs",EDH0045,Eliza (Bulise) Day'ların Moda'daki evlerinde kaloriferin üzerinde İdil Biret'in fotoğrafı - İdil Biret's photograph on the radiator at the Eliza (Bulise) Day's house in Moda,,,,Open Access,,"Kadıköy, İstanbul",,,,,1970-07-20,SALT Research,,Negatif film - Negative film,6-6 cm,2,,ED,125043,Masum Yıldız,,2016-01-26,,2015-11-01,Sanatçı; Fotoğraf; Cupid; Pianist; Artist; Picture,,,,,Purchase,https://archives.saltresearch.org/handle/123456789/10988
123456789/10989,"City, Society, and Economy / Households and Families / Eliza Day / Photographs",EDH0046,Eliza (Bulise) Day'ların Moda'daki evinden çekilmiş manzara fotoğrafları ve annesi Refika (Rebecca) Day - Landscape photos taken from Eliza (Bulise) Day's house in Moda and her mother Refika (Rebecca) Day,,,,Open Access,,"Kadıköy, İstanbul",,,,,1970-07-20,SALT Research,,Negatif film - Negative film,6-6 cm,5,,ED,125044,Masum Yıldız,,2016-01-26,,2015-11-01,Moda; Balkon; Manzara; Deniz; Oturma odası; Balcony; View; Sea; Living room,,,,,Purchase,https://archives.saltresearch.org/handle/123456789/10989
123456789/10990,"City, Society, and Economy / Households and Families / Eliza Day / Photographs",EDH0047,"Eliza (Bulise) Day, Refika (Rebecca) Day, Yusuf Day ve Bilgehan, Eliza (Bulise) Day'ların Moda'daki evlerinde - Eliza (Bulise) Day, Refika (Rebecca) Day, Yusuf Day and Bilgehan at the Eliza (Bulise) Day's house in Moda",,,,Open Access,Refika (Rebecca) Hanım Eliza (Bulise) Day'ın annesidir - Refika (Rebecca) Hanım is Eliza (Bulise) Day's mother,"Kadıköy, İstanbul",,,,,1969-01,SALT Research,,Negatif film - Negative film,6-6 cm,6,,ED,125045,Masum Yıldız,,2016-01-26,,2015-11-01,Balkon; Koltuk; Çocuk; Kadın; Balcony; Arm chair; Child; Woman,,,,,Purchase,https://archives.saltresearch.org/handle/123456789/10990
123456789/10991,"City, Society, and Economy / Households and Families / Eliza Day / Photographs",EDH0048,"Aliye Berger, Eliza (Bulise) Day'ların Moda'daki evinde - Aliye Berger at the Eliza (Bulise) Day's house in Moda",,,,Open Access,,"Kadıköy, İstanbul",,,,,1965-01,SALT Research,,Negatif film - Negative film,6-6 cm,3,,ED,125046,Masum Yıldız,,2016-01-26,,2015-11-01,Sanatçı; Balkon; Ev; Artist; Balcony; House,,,,,Purchase,https://archives.saltresearch.org/handle/123456789/10991
123456789/10992,"City, Society, and Economy / Households and Families / Eliza Day / Photographs",EDH0049,Eliza (Bulise) Day Moda'daki evinde - Eliza (Bulise) Day at her house in Moda,,,,Open Access,,"Kadıköy, İstanbul",,,,,1965-01,SALT Research,,Negatif film - Negative film,6-6 cm,3,,ED,125047,Masum Yıldız,,2016-01-26,,2015-11-01,Ev; Koltuk; House; Arm chair,,,,,Purchase,https://archives.saltresearch.org/handle/123456789/10992
123456789/10993,"City, Society, and Economy / Households and Families / Eliza Day / Photographs",EDH0050,Eliza (Bulise) Day'ların Moda'daki evi - Eliza (Bulise) Day's house in Moda,,,,Open Access,,"Kadıköy, İstanbul",,,,,1965-01,SALT Research,,Negatif film - Negative film,6-6 cm,8,,ED,125048,Masum Yıldız,,2016-01-26,,2015-11-01,Ev; Manzara; Deniz; House; View; Sea,,,,,Purchase,https://archives.saltresearch.org/handle/123456789/10993
123456789/10994,"City, Society, and Economy / Households and Families / Eliza Day / Photographs",EDH0051,"Ceni Day ve oğlu Yusuf, Eliza (Bulise) Day'ların Moda'daki evlerinde - Ceni Day and her son Yusuf at the Eliza (Bulise) Day's house in Moda",,,,Open Access,,"Kadıköy, İstanbul",,,,,1965-01,SALT Research,,Negatif film - Negative film,6-6 cm,2,,ED,125049,Masum Yıldız,,2016-01-26,,2015-11-01,House; Balcony; Baby,,,,,Purchase,https://archives.saltresearch.org/handle/123456789/10994
123456789/10995,"City, Society, and Economy / Households and Families / Eliza Day / Photographs",EDH0052,"Ceni ve Kalef'in oğlu Yusuf bir kadınla birlikte - Yusuf, Ceni and Kalef's son, with a woman",,,,Open Access,,,,,,,1965-01,SALT Research,,Negatif film - Negative film,6-6 cm,1,,ED,125050,Masum Yıldız,,2016-01-26,,2015-11-01,Ayna; Baby; Mirror,,,,,Purchase,https://archives.saltresearch.org/handle/123456789/10995
123456789/10996,"City, Society, and Economy / Households and Families / Eliza Day / Photographs",EDH0053,Eliza (Bulise) Day yeğeni Yusuf ile birlikte - Eliza (Bulise) Day with her nephew Yusuf,,,,Open Access,"Yusuf, Kalef Day'ın oğludur. - Yusuf is Kalef Day's son.",,,,,,1965-01,SALT Research,,Negatif film - Negative film,6-6 cm,2,,ED,125051,Masum Yıldız,,2016-01-26,,2015-11-01,Baby; Moda; Window; House,,,,,Purchase,https://archives.saltresearch.org/handle/123456789/10996
123456789/10997,"City, Society, and Economy / Households and Families / Eliza Day / Photographs",EDH0054,Yusuf babası Kalef Day ile birlikte - Yusuf with his father Kalef Day,,,,Open Access,Eliza (Bulise) Day'ların Moda'daki evinde - At the Eliza (Bulise) Day's house in Moda,"Kadıköy, İstanbul",,,,,1965-01,SALT Research,,Negatif film - Negative film,6-6 cm,1,,ED,125052,Masum Yıldız,,2016-01-26,,2015-11-01,Baby; Father; House,,,,,Purchase,https://archives.saltresearch.org/handle/123456789/10997
123456789/10998,"City, Society, and Economy / Households and Families / Eliza Day / Photographs",EDH0055,"Yusuf, dedesi Yasef (Josef) Day ve babası Kalef Day ile birlikte - Yusuf with his father Kalef Day and grandfather Yasef (Josef) Day",,,,Open Access,Eliza (Bulise) Day'ların Moda'daki evinde - At the Eliza (Bulise) Day's house in Moda,"Kadıköy, İstanbul",,,,,1965-01,SALT Research,,Negatif film - Negative film,6-6 cm,1,,ED,125053,Masum Yıldız,,2016-01-26,,2015-11-01,Baby; Father; Grandfather; House,,,,,Purchase,https://archives.saltresearch.org/handle/123456789/10998
123456789/10999,"City, Society, and Economy / Households and Families / Eliza Day / Photographs",EDH0056,"Yusuf annesi Ceni Day ve babası Kalef Day ile birlikte - Yusuf with his mother, Ceni Day and his father Kalef Day",,,,Open Access,,,,,,,1965-01,SALT Research,,Negatif film - Negative film,6-6 cm,2,,ED,125054,Masum Yıldız,,2016-01-26,,2015-11-01,Baby; House; Mother; Father,,,,,Purchase,https://archives.saltresearch.org/handle/123456789/10999
123456789/11000,"City, Society, and Economy / Households and Families / Eliza Day / Photographs",EDH0057,Refika (Rebecca) Day Moda'daki evlerinde - Refika (Rebecca) Day at their house in Moda,,,,Open Access,Refika (Rebecca) Day Eliza (Bulise) Day'ın annesidir - Refika (Rebecca) Day is Eliza (Bulise) Day's mother,"Kadıköy, İstanbul",,,,,1965-01,SALT Research,,Negatif film - Negative film,6-6 cm,1,,ED,125055,Masum Yıldız,,2016-01-26,,2015-11-01,Balcony; House,,,,,Purchase,https://archives.saltresearch.org/handle/123456789/11000
123456789/11001,"City, Society, and Economy / Households and Families / Eliza Day / Photographs",EDH0058,"Yusuf Day, Refika (Rebecca) Day ile birlikte - Yusuf Day with Refika (Rebecca) Day",,,,Open Access,"Refika (Rebecca) Hanım Eliza (Bulise) Day'ın annesidir. Yusuf, Eliza (Bulise) Day'ın yeğenidir. - Refika (Rebecca) Day is Eliza (Bulise) Day's mother. Yusuf is Eliza (Bulise) Day's nephew",,,,,,1965-01,SALT Research,,Negatif film - Negative film,6-6 cm,1,,ED,125056,Masum Yıldız,,2016-01-26,,2015-11-01,,,,,,Purchase,https://archives.saltresearch.org/handle/123456789/11001
123456789/11002,"City, Society, and Economy / Households and Families / Eliza Day / Photographs",EDH0059,"Eliza (Bulise) Day, Refika (Rebecca) Day, Yasef (Josef) Day, Ceni Day ve Kalef Day birlikte yemek yerken - Eliza (Bulise) Day, Refika (Rebecca) Day, Yasef (Josef) Day, Ceni Day and Kalef Day having dinner together",,,,Open Access,,,,,,,1965-01,SALT Research,,Negatif film - Negative film,6-6 cm,2,,ED,125057,Masum Yıldız,,2016-01-26,,2015-11-01,Dinner; Table; Family; House,,,,,Purchase,https://archives.saltresearch.org/handle/123456789/11002
123456789/11003,"City, Society, and Economy / Households and Families / Eliza Day / Photographs",EDH0060,"Yusuf Day, Refika (Rebecca) Day, Yasef (Josef) Day, Ceni Day ve Kalef Day birlikte - Yusuf Day, Refika (Rebecca) Day, Yasef (Josef) Day, Ceni Day, Kalef Day all together",,,,Open Access,,,,,,,1965-01,SALT Research,,Negatif film - Negative film,6-6 cm,1,,ED,125058,Masum Yıldız,,2016-01-26,,2015-11-01,Bebek; Anne; Baba; Kanepe; Baby; Mother; Father; Couch,,,,,Purchase,https://archives.saltresearch.org/handle/123456789/11003
123456789/11004,"City, Society, and Economy / Households and Families / Eliza Day / Photographs",EDH0061,"Vitali amcalar, Alice teyze ile Eliza (Bulise) Day'ların Moda'daki evlerinde - Uncle Vitalis with aunt Alice at the Eliza (Bulise) Day's house in Moda",,,,Open Access,"Ceni Day, Kalef Day ve oğulları Yusuf - Ceni Day, Kalef Day and their son Yusuf","Kadıköy, İstanbul",,,,,,SALT Research,,Negatif film - Negative film,6-6 cm,10,,ED,125059,Masum Yıldız,,2016-01-26,,2015-11-01,Aile; Balkon; Ev; Family; Balcony; House,,,,,Purchase,https://archives.saltresearch.org/handle/123456789/11004
123456789/11005,"City, Society, and Economy / Households and Families / Eliza Day / Photographs",EDH0062,Sevim Tiritoğlu ve oğlu Alper - Sevim Tiritoğlu and her son Alper,,,,Open Access,Bedia Hanım'ın evi? - Bedia Hanım's house?,,,,,,1964-08,SALT Research,,Negatif film - Negative film,6-6 cm,4,,ED,125060,Masum Yıldız,,2016-01-26,,2015-11-01,Anne; Çocuk; Koltuk; Ev; Mother; Child; Arm chair; House,,,,,Purchase,https://archives.saltresearch.org/handle/123456789/11005
123456789/11006,"City, Society, and Economy / Households and Families / Eliza Day / Photographs",EDH0063,Sevim Tiritoğlu ve oğulları - Sevim Tiritoğlu and her sons,,,,Open Access,Küçük çocuğun adı Alper - The little child's name is Alper,,,,,,1964-08,SALT Research,,Negatif film - Negative film,6-6 cm,2,,ED,125061,Masum Yıldız,,2016-01-26,,2015-11-01,Anne; Çocuklar; Balkon; Mother; Children; Balcony,,,,,Purchase,https://archives.saltresearch.org/handle/123456789/11006
123456789/11007,"City, Society, and Economy / Households and Families / Eliza Day / Photographs",EDH0064,Eliza (Bulise) Day'ın büstiyerli pozu - Eliza (Bulise) Day wearing bustier,,,,Open Access,Mühürdar'daki evlerinde? - At their house in Mühürdar?,,,,,,1964-08,SALT Research,,Negatif film - Negative film,6-6 cm,1,,ED,125062,Masum Yıldız,,2016-01-26,,2015-11-01,Bustier; Basque; Radio,,,,,Purchase,https://archives.saltresearch.org/handle/123456789/11007
123456789/11008,"City, Society, and Economy / Households and Families / Eliza Day / Photographs",EDH0065,Refika (Rebecca) Day ve Yasef (Josef) Day aile dostlarıyla Küçük Moda Kırbahçesi'nde - Refika (Rebecca) Day and Yasef (Josef) Day at Küçük Moda Kırbahçesi with their family friends,,,,Open Access,Refika (Rebecca) Day Eliza (Bulise) Day'ın annesidir. Yasef (Yosef) Day Eliza (Bulise) Day'ın babasıdır - Refika (Rebecca) Day is Eliza Day's mother. Yasef (Josef) Day is Eliza (Bulise) Day's father.,"Kadıköy, İstanbul",,,,,1964-08,SALT Research,,Negatif film - Negative film,6-6 cm,2,,ED,125063,Masum Yıldız,,2016-01-26,,2015-11-01,Tea garden; Sea; Family,,,,,Purchase,https://archives.saltresearch.org/handle/123456789/11008
123456789/11009,"City, Society, and Economy / Households and Families / Eliza Day / Photographs",EDH0066,Ceni Day sandalyede otururken - Ceni Day sitting on the chair,,,,Open Access,,,,,,,1964-08,SALT Research,,Negatif film - Negative film,6-6 cm,1,,ED,125064,Masum Yıldız,,2016-01-26,,2015-11-01,Chair; Woman,,,,,Purchase,https://archives.saltresearch.org/handle/123456789/11009
123456789/11010,"City, Society, and Economy / Households and Families / Eliza Day / Photographs",EDH0067,Eliza (Bulise) Day ve annesi Refika (Rebecca) Day arkadaşlarıyla otururken - Eliza (Bulise) Day and her mother Refika (Rebecca) Day sitting with their friends,,,,Open Access,,,,,,,1964-08,SALT Research,,Negatif film - Negative film,6-6 cm,2,,ED,125065,Masum Yıldız,,2016-01-26,,2015-11-01,Chairs; Woman; Hat,,,,,Purchase,https://archives.saltresearch.org/handle/123456789/11010
123456789/11011,"City, Society, and Economy / Households and Families / Eliza Day / Photographs",EDH0068,Eliza (Bulise) Day'ın ilk sergisi - First exhibition of Eliza (Bulise) Day,,,,Open Access,İstanbul Şehir Galerisi - İstanbul City Gallery,İstanbul,,,,,1963-11-16; 1963-11-30,SALT Research,,Negatif film - Negative film,35 mm,37,,ED,125066,Masum Yıldız,,2016-01-26,,2015-11-01,Galeri; Resim; Tablo; Gallery; Painting,,,,,Purchase,https://archives.saltresearch.org/handle/123456789/11011
123456789/11012,"City, Society, and Economy / Households and Families / Eliza Day / Photographs",EDH0069,"Rachel teyze, Refika (Rebecca) Day ile birlikte Eliza (Bulise) Day'ların evinde - Aunt Rachel with Refika (Rebecca) Day at Eliza (Bulise) Day's house",,,,Open Access,Moda'daki evlerinde - At their house in Moda,"Kadıköy, İstanbul",,,,,1965-09-02,SALT Research,,Negatif film - Negative film,6-6 cm,2,,ED,125067,Masum Yıldız,,2016-01-26,,2015-11-01,Aile; Manzara; Balcony; Family; View; House,,,,,Purchase,https://archives.saltresearch.org/handle/123456789/11012
123456789/11013,"City, Society, and Economy / Households and Families / Eliza Day / Photographs",EDH0070,"Refika (Rebecca) Day, Ceni Day, Kalef Day, Yusuf Day ve Rachel teyze birlikte - Refika (Rebecca) Day, Ceni Day, Kalef Day, Yusuf Day and aunt Rachel together",,,,Open Access,Muhtemelen Yusuf'un doğum günü. Refika (Rebecca) Hanım Eliza (Bulise) Day'ın annesidir. Kalef Day'ın evinde - Probably Yusuf's birthday. Refika (Rebecca) Hanım is Eliza (Bulise) Day's mother. At the Kalef Day's house,,,,,,1965-09-02,SALT Research,,Negatif film - Negative film,6-6 cm,10,,ED,125068,Masum Yıldız,,2016-01-26,,2015-11-01,Ev; Aile; Doğum günü; Pasta; House; Family; Birthday party; Cake,,,,,Purchase,https://archives.saltresearch.org/handle/123456789/11013
123456789/11014,"City, Society, and Economy / Households and Families / Eliza Day / Photographs",EDH0071,Yusuf Kalef ve çocuklar - Yusuf Kalef and children,,,,Open Access,,,,,,,,SALT Research,,Negatif film - Negative film,6-6 cm,4,,ED,125069,Masum Yıldız,,2016-01-26,,2015-11-01,Children; Baby,,,,,Purchase,https://archives.saltresearch.org/handle/123456789/11014
123456789/11015,"City, Society, and Economy / Households and Families / Eliza Day / Photographs",EDH0072,Doğum günü pastası - Birthday cake,,,,Open Access,,,,,,,,SALT Research,,Negatif film - Negative film,6-6 cm,1,,ED,125070,Masum Yıldız,,2016-01-26,,2015-11-01,Birthday cake,,,,,Purchase,https://archives.saltresearch.org/handle/123456789/11015
123456789/11016,"City, Society, and Economy / Households and Families / Eliza Day / Photographs",EDH0073,Sara ve Mahmut Yurteri - Sara and Mahmut Yurteri,,,,Open Access,,,,,,,,SALT Research,,Negatif film - Negative film,6-6 cm,1,,ED,125071,Masum Yıldız,,2016-01-26,,2015-11-01,Çift; Sokak; Araba; Couple; Street; Car,,,,,Purchase,https://archives.saltresearch.org/handle/123456789/11016
123456789/11017,"City, Society, and Economy / Households and Families / Eliza Day / Photographs",EDH0074,"Rakel teyze, Coya teyze, Salamon amca ve Refika (Rebecca) Day - Aunt Rakel, aunt Coya, uncle Salaman and Refika (Rebecca) Day",,,,Open Access,Refika (Rebecca) Day Eliza (Bulise) Day'ın annesidir - Refika (Rebecca) Day is Eliza (Bulise) Day's mother,,,,,,,SALT Research,,Negatif film - Negative film,6-6 cm,3,,ED,125072,Masum Yıldız,,2016-01-26,,2015-11-01,,,,,,Purchase,https://archives.saltresearch.org/handle/123456789/11017
123456789/11018,"City, Society, and Economy / Households and Families / Eliza Day / Photographs",EDH0075,Sara Yurteri,,,,Open Access,,,,,,,,SALT Research,,Negatif film - Negative film,6-6 cm,4,,ED,125073,Masum Yıldız,,2016-01-26,,2015-11-01,Arm chair; Sun; Shine,,,,,Purchase,https://archives.saltresearch.org/handle/123456789/11018
123456789/11019,"City, Society, and Economy / Households and Families / Eliza Day / Photographs",EDH0076,Zişan Hanım'ın annesi Tarabya'da evlerinde - Zişan Hanım's mother at their house in Tarabya,,,,Open Access,1964 yazında - In the summer of 1964,"Tarabya, İstanbul",,,,,1964,SALT Research,,Negatif film - Negative film,6-6 cm,1,,ED,125074,Masum Yıldız,,2016-01-26,,2015-11-01,Balcony; Chair,,,,,Purchase,https://archives.saltresearch.org/handle/123456789/11019
123456789/11020,"City, Society, and Economy / Households and Families / Eliza Day / Photographs",EDH0077,Eliza (Bulise) Day Mühürdar'daki evlerinde - Eliza (Bulise) Day at their house in Mühürdar,,,,Open Access,1964 yazında - In the summer of 1964,"Kadıköy, İstanbul",,,,,1964,SALT Research,,Negatif film - Negative film,6-6 cm,2,,ED,125075,Masum Yıldız,,2016-01-26,,2015-11-01,Radio; Arm chair,,,,,Purchase,https://archives.saltresearch.org/handle/123456789/11020
123456789/11021,"City, Society, and Economy / Households and Families / Eliza Day / Photographs",EDH0078,Eliza (Bulise) Day Tarabya'da Zişan Hanım'larda - Eliza (Bulise) Day at Zişan Hanım's house in Tarabya,,,,Open Access,"1964 yazında. Fotoğraflarda, Eliza (Bulise) Day, Zişan Hanım ve annesi görülmektedir. - In the summer of 1964. Eliza (Bulise) Day, Zişan Hanım and her mother can be seen in the photos.","Tarabya, İstanbul",,,,,1964,SALT Research,,Negatif film - Negative film,6-6 cm,11,,ED,125076,Masum Yıldız,,2016-01-26,,2015-11-01,Ev; Balkon; Vazo; Koltuk; House; Balcony; Vase; Arm chair,,,,,Purchase,https://archives.saltresearch.org/handle/123456789/11021
123456789/11022,"City, Society, and Economy / Households and Families / Eliza Day / Photographs",EDH0079,"Eliza (Bulise) Day, Refika (Rebecca) Day, Yasef (Josef) Day, Ceni Day ve Kalef Day Tarabya'da - Eliza (Bulise) Day, Refika (Rebecca) Day, Yasef (Josef) Day, Ceni Day and Kalef Day in Tarabya",,,,Open Access,1964 yazında. Refika (Rebecca) Day Eliza (Bulise) Day'ın annesidir. Yasef (Yosef) Day Eliza (Bulise) Day'ın babasıdır - In the summer of 1964. Refika (Rebecca) Day is Eliza Day's mother. Yasef (Josef) Day is Eliza (Bulise)Day's father.,"Tarabya, İstanbul",,,,,1964,SALT Research,,Negatif film - Negative film,6-6 cm,2,,ED,125077,Masum Yıldız,,2016-01-26,,2015-11-01,Aile; Ev; Balkon; Family; House; Balcony,,,,,Purchase,https://archives.saltresearch.org/handle/123456789/11022
123456789/11023,"City, Society, and Economy / Households and Families / Eliza Day / Photographs",EDH0080,1964 yazında Tarabya Sahili - Tarabya Coast in the summer of 1964,,,,Open Access,,"Tarabya, İstanbul",,,,,1964,SALT Research,,Negatif film - Negative film,6-6 cm,5,,ED,125078,Masum Yıldız,,2016-01-26,,2015-11-01,Boğaziçi; Kayık; Sahil; Araba; Deniz; Coast; Boat; Car; Sea; Bosphorus,,,,,Purchase,https://archives.saltresearch.org/handle/123456789/11023
123456789/11024,"City, Society, and Economy / Households and Families / Eliza Day / Photographs",EDH0081,Eliza (Bulise) Day'ların Moda'daki evlerinden manzara fotoğrafları - Views from Eliza (Bulise) Day's house in Moda,,,,Open Access,,"Kadıköy, İstanbul",,,,,,SALT Research,,Negatif film - Negative film,6-6 cm,8,,ED,125079,Masum Yıldız,,2016-01-26,,2015-11-01,House; Balcony; View; Sea,,,,,Purchase,https://archives.saltresearch.org/handle/123456789/11024
123456789/11025,"City, Society, and Economy / Households and Families / Eliza Day / Photographs",EDH0082,Narmanlı Han'daki yangın sonrasında çekilmiş fotoğraflar - Photographs taken after fire in Narmanlı Inn,,,,Open Access,,"Beyoğlu, İstanbul",,,,,1967,SALT Research,,Negatif film - Negative film,6-6 cm,4,,ED,125080,Masum Yıldız,,2016-01-26,,2015-11-01,Piyano; Kırık pencere; Fire; Piano; Broken window,,,,,Purchase,https://archives.saltresearch.org/handle/123456789/11025
123456789/11026,"City, Society, and Economy / Households and Families / Eliza Day / Photographs",EDH0083,Eliza (Bulise) Day ve İdil Biret otururken - Eliza (Bulise) Day and İdil Biret sitting,,,,Open Access,,"Tuzla, İstanbul",,,,,1967-07,SALT Research,,Negatif film - Negative film,6-6 cm,2,,ED,125081,Masum Yıldız,,2016-01-26,,2015-11-01,Sanatçı; Piyanist; Yazlık; Artist; Pianist; Summer place,,,,,Purchase,https://archives.saltresearch.org/handle/123456789/11026
123456789/11027,"City, Society, and Economy / Households and Families / Eliza Day / Photographs",EDH0084,"İdil Biret, Hatemi Kösemihal ile birlikte - İdil Biret with Hatemi Kösemihal",,,,Open Access,Arka planda Nurettin Şazi Kösemihal görülmektedir. - Nurettin Şazi Kösemihal is seen in the background.,"Tuzla, İstanbul",,,,,1967-07,SALT Research,,Negatif film - Negative film,6-6 cm,1,,ED,125082,Masum Yıldız,,2016-01-26,,2015-11-01,Yazlık; Summer place,,,,,Purchase,https://archives.saltresearch.org/handle/123456789/11027
123456789/11028,"City, Society, and Economy / Households and Families / Eliza Day / Photographs",EDH0085,İdil Biret ve Zeki Bey kayıkta - İdil Biret and Zeki Bey on the boat,,,,Open Access,"Zeki Bey, döneminde Ankara'da operada alto çalardı. - At those times, Zeki Bey used to play alto at the opera in Ankara.","Tuzla, İstanbul",,,,,1967-07,SALT Research,,Negatif film - Negative film,6-6 cm,2,,ED,125083,Masum Yıldız,,2016-01-26,,2015-11-01,Sanatçı; Piyanist; Kayık; Deniz; Artist; Pianist; Boat; Sea,,,,,Purchase,https://archives.saltresearch.org/handle/123456789/11028
123456789/11029,"City, Society, and Economy / Households and Families / Eliza Day / Photographs",EDH0086,İdil Biret Tuzla'da - İdil Biret in Tuzla,,,,Open Access,,"Tuzla, İstanbul",,,,,1967-07,SALT Research,,Negatif film - Negative film,6-6 cm,3,,ED,125084,Masum Yıldız,,2016-01-26,,2015-11-01,Yazlık; Sahil; Sanatçı; Artist; Coast; Summer place,,,,,Purchase,https://archives.saltresearch.org/handle/123456789/11029
123456789/11030,"City, Society, and Economy / Households and Families / Eliza Day / Photographs",EDH0087,Eliza (Bulise) Day koltukta otururken - Eliza (Bulise) Day sitting on the couch,,,,Open Access,,,,,,,1967-07,SALT Research,,Negatif film - Negative film,6-6 cm,1,,ED,125085,Masum Yıldız,,2016-01-26,,2015-11-01,Woman; Arm chair,,,,,Purchase,https://archives.saltresearch.org/handle/123456789/11030
123456789/11031,"City, Society, and Economy / Households and Families / Eliza Day / Photographs",EDH0088,"İdil Biret, Eliza (Bulise) Day ve Bedia Kösemihal Tuzla'da - İdil Biret, Eliza (Bulise) Day and Bedia Kösemihal in Tuzla",,,,Open Access,,"Tuzla, İstanbul",,,,,1967-07,SALT Research,,Negatif film - Negative film,6-6 cm,6,,ED,125086,Masum Yıldız,,2016-01-26,,2015-11-01,Yazlık; Sahil; Sanatçı; Çocuklar; Artist; Coast; Summer place; Children,,,,,Purchase,https://archives.saltresearch.org/handle/123456789/11031
123456789/11032,"City, Society, and Economy / Households and Families / Eliza Day / Photographs",EDH0089,Nurettin Şazi Kösemihal ve Bedia Kösemihal Tuzla'da - Nurettin Şazi Kösemihal and Bedia Kösemihal in Tuzla,,,,Open Access,,"Tuzla, İstanbul",,,,,1967-07,SALT Research,,Negatif film - Negative film,6-6 cm,2,,ED,125087,Masum Yıldız,,2016-01-26,,2015-11-01,Çift; Yazlık; Couple; Summer place,,,,,Purchase,https://archives.saltresearch.org/handle/123456789/11032
123456789/11033,"City, Society, and Economy / Households and Families / Eliza Day / Photographs",EDH0090,İdil Biret Tuzla'da - İdil Biret in Tuzla,,,,Open Access,,"Tuzla, İstanbul",,,,,1967-07,SALT Research,,Negatif film - Negative film,6-6 cm,4,,ED,125088,Masum Yıldız,,2016-01-26,,2015-11-01,Sanatçı; Piyanist; Sahil; Yazlık; Artist; Pianist; Coast; Summer place,,,,,Purchase,https://archives.saltresearch.org/handle/123456789/11033
123456789/11034,"City, Society, and Economy / Households and Families / Eliza Day / Photographs",EDH0091,"İdil Biret, Eliza (Bulise) Day, Bedia Kösemihal, Pelin Wilkes ve Geoffrey Wilkes Tuzla'da - İdil Biret, Eliza (Bulise) Day, Bedia Kösemihal, Pelin Wilkes and Geoffrey Wilkes in Tuzla",,,,Open Access,"Pelin Wilkes, Nurettin Şazi Kösemihal'in öğrencisidir - Pelin Wilkes is student of Nurettin Şazi Kösemihal","Tuzla, İstanbul",,,,,1967-07,SALT Research,,Negatif film - Negative film,6-6 cm,1,,ED,125089,Masum Yıldız,,2016-01-26,,2015-11-01,Yazlık; Sanatçı; Öğrenci; Sahil; Summer place; Artist; Student; Coast,,,,,Purchase,https://archives.saltresearch.org/handle/123456789/11034
123456789/11035,"City, Society, and Economy / Households and Families / Eliza Day / Photographs",EDH0092,Eliza (Bulise) Day'ların Moda'daki evlerinde bulunan iki resim - Photo of two pictures at Eliza (Bulise) Day's house in Moda,,,,Open Access,,"Kadıköy, İstanbul",,,,,1971-07,SALT Research,,Negatif film - Negative film,6-6 cm,2,,ED,125090,Masum Yıldız,,2016-01-26,,2015-11-01,Painting,,,,,Purchase,https://archives.saltresearch.org/handle/123456789/11035
123456789/11036,"City, Society, and Economy / Households and Families / Eliza Day / Photographs",EDH0093,"Münir Biret, Leman Biret, Reşadet Erkoğlu ve Leyla Varınca'nın annesi, Eliza (Bulise) Day'ların Moda'daki evinde - İdil Biret, Münir Biret, Leman Biret, Reşadet Erkoğlu and Leyla Varınca's mother at the Eliza (Bulise) Day's house in Moda",,,,Open Access,"Leman Biret, İdil Biret'in annesi ve Münir Biret İdil Biret'in babasıdır - Leman Biret is İdil Biret's mother and Münir Biret is İdil Biret's father.","Kadıköy, İstanbul",,,,,1971-07,SALT Research,,Negatif film - Negative film,6-6 cm,1,,ED,125091,Masum Yıldız,,2016-01-26,,2015-11-01,Balkon; Sandalye; Kahve; Pasta; Balcony; Chair; Coffee; Cake,,,,,Purchase,https://archives.saltresearch.org/handle/123456789/11036
123456789/11037,"City, Society, and Economy / Households and Families / Eliza Day / Photographs",EDH0094,İdil Biret'in babası Münir Bey Moda'daki evlerinde - İdil Biret's father Münir Bey at their house in Moda,,,,Open Access,,"Kadıköy, İstanbul",,,,,1971-07,SALT Research,,Negatif film - Negative film,6-6 cm,1,,ED,125092,Masum Yıldız,,2016-01-26,,2015-11-01,Ev; Sandalye; House; Chair,,,,,Purchase,https://archives.saltresearch.org/handle/123456789/11037
123456789/11038,"City, Society, and Economy / Households and Families / Eliza Day / Photographs",EDH0095,"Leyla Varınca, annesi ve babası ile Biret'lerin Moda'daki evinde - Leyla Varınca with her mother and her father at Biret's house in Moda",,,,Open Access,İdil Biret'in annesi Leman Biret (ortada) ayakta dururken ve babası Münir Biret (ortada) otururken - İdil Biret's mother Leman Biret standing (in the middle) and İdil Biret's father Münir Biret sitting (in the middle),"Kadıköy, İstanbul",,,,,1971-07,SALT Research,,Negatif film - Negative film,6-6 cm,1,,ED,125093,Masum Yıldız,,2016-01-26,,2015-11-01,Ev; Sandalye; Sehpa; Kitaplık; House; Chair; Coffee table; Bookshelf,,,,,Purchase,https://archives.saltresearch.org/handle/123456789/11038
123456789/11039,"City, Society, and Economy / Households and Families / Eliza Day / Photographs",EDH0096,İdil Biret Moda'daki evlerinde - İdil Biret at their house in Moda,,,,Open Access,,"Kadıköy, İstanbul",,,,,1971-07,SALT Research,,Negatif film - Negative film,6-6 cm,3,,ED,125094,Masum Yıldız,,2016-01-26,,2015-11-01,Sanatçı; Piyanist; Artist; Pianist; Balcony,,,,,Purchase,https://archives.saltresearch.org/handle/123456789/11039
123456789/11040,"City, Society, and Economy / Households and Families / Eliza Day / Photographs",EDH0097,Leman Hanım ve Münir Bey Tuzla'da - Leman Hanım and Münir Bey in Tuzla,,,,Open Access,Leman Hanım İdil Biret'in annesidir. Münir Bey İdil Biret'in babasıdır - Leman Hanım is İdil Biret's mother. Münir Bey is İdil Biret's father.,"Tuzla, İstanbul",,,,,1971-07,SALT Research,,Negatif film - Negative film,6-6 cm,1,,ED,125095,Masum Yıldız,,2016-01-26,,2015-11-01,Çift; Yazlık; Couple; Summer place,,,,,Purchase,https://archives.saltresearch.org/handle/123456789/11040
123456789/11041,"City, Society, and Economy / Households and Families / Eliza Day / Photographs",EDH0098,Bedia Kösemihal Tuzla'da - Bedia Kösemihal in Tuzla,,,,Open Access,,"Tuzla, İstanbul",,,,,1971-07,SALT Research,,Negatif film - Negative film,6-6 cm,1,,ED,125096,Masum Yıldız,,2016-01-26,,2015-11-01,Yazlık; Çocuklar; Sahil; Summer place; Children; Coast,,,,,Purchase,https://archives.saltresearch.org/handle/123456789/11041
123456789/11042,"City, Society, and Economy / Households and Families / Eliza Day / Photographs",EDH0099,Biret ve Kösemihal Ailesi Tuzla'da - Biret's and Kösemihal's family in Tuzla,,,,Open Access,"Bedia Kösemihal, Münir Biret, Nurettin Şazi Kösemihal, Leman Biret, Roza Hanım?","Tuzla, İstanbul",,,,,1971-07,SALT Research,,Negatif film - Negative film,6-6 cm,1,,ED,125097,Masum Yıldız,,2016-01-26,,2015-11-01,Aile; Çift; Çocuk; Masa; Yazlık; Family; Couple; Child; Table; Summer place,,,,,Purchase,https://archives.saltresearch.org/handle/123456789/11042
123456789/11043,"City, Society, and Economy / Households and Families / Eliza Day / Photographs",EDH0100,"Münir Biret, [Roza Hanım] ve Eliza (Bulise) Day otururken - Münir Biret, [Roza Hanım] and Eliza (Bulise) Day sitting together",,,,Open Access,,"Tuzla, İstanbul",,,,,1971-07,SALT Research,,Negatif film - Negative film,6-6 cm,1,,ED,125098,Masum Yıldız,,2016-01-26,,2015-11-01,Masa; Yazlık; Table; Summer place,,,,,Purchase,https://archives.saltresearch.org/handle/123456789/11043
123456789/11044,"City, Society, and Economy / Households and Families / Eliza Day / Photographs",EDH0101,Kösemihal Ailesi ve arkadaşları Tuzla'da - Kösemihal Family and their friends in Tuzla,,,,Open Access,"Nurettin Şazi Kösemihal, Bedia Kösemihal, Nezahat Arkam, Beliç Hanım, Kemal Bey, Fikret Arkam","Tuzla, İstanbul",,,,,1967-06,SALT Research,,Negatif film - Negative film,6-6 cm,9,,ED,125099,Masum Yıldız,,2016-01-26,,2015-11-01,Çift; Yazlık; At arabası; Couple; Summer place; Carriage; Horse,,,,,Purchase,https://archives.saltresearch.org/handle/123456789/11044
123456789/11045,"City, Society, and Economy / Households and Families / Eliza Day / Photographs",EDH0102,"Yusuf Day, Yaşar Levent ve Berrin Day - Yusuf Day, Yaşar Levent and Berrin Day",,,,Open Access,"Eliza (Bulise) Day, Berrin Beti Day'ın ve Yusuf Day'ın halasıdır. - Eliza (Bulise) Day is Berrin Beti Day and Yusuf Day's aunt.",,,,,,,SALT Research,,Negatif film - Negative film,35 mm,15,,ED,125100,Masum Yıldız,,2016-01-26,,2015-11-01,Çift; Ev; Yatak; Gardrop; Kitaplık; Müze; Heykel; Couple; House; Bed; Wardrobe; Bookshelf; Museum; Statue; Sculpture,,,,,Purchase,https://archives.saltresearch.org/handle/123456789/11045
123456789/11046,"City, Society, and Economy / Households and Families / Eliza Day / Photographs",EDH0103,"Ceni Day, çocukları Yusuf ve Betül ile - Ceni Day with her son Yusuf and her daughter Betül",,,,Open Access,,,,,,,,SALT Research,,Negatif film - Negative film,6-6 cm,7,,ED,125101,Masum Yıldız,,2016-01-26,,2015-11-01,Çocuklar; Bahçe; Children; Garden,,,,,Purchase,https://archives.saltresearch.org/handle/123456789/11046
123456789/11047,"City, Society, and Economy / Households and Families / Eliza Day / Photographs",EDH0104,Çamlıca'da bir köşk - A mansion in Çamlıca,,,,Open Access,,"İstanbul, Çamlıca",,,,,1964,SALT Research,,Negatif film - Negative film,6-6 cm,5,,ED,125102,Masum Yıldız,,2016-01-26,,2015-11-01,Kısıklı Büyük Çamlıca Street; Köşk; Mansion; Kısıklı Büyük Çamlıca Caddesi,,,,,Purchase,https://archives.saltresearch.org/handle/123456789/11047